{
  "results": [
    {
      "command": "docker desktop (volume mount)",
      "mean": 37.37785333086,
      "stddev": 3.011011438195274,
      "median": 36.83569835606,
      "user": 0.020148219999999998,
      "system": 0.02172706,
      "min": 33.02577052206,
      "max": 40.77470189806,
      "times": [
        39.60481302206,
        36.64828285606,
        33.02577052206,
        40.77470189806,
        36.83569835606
      ],
      "memory_usage_byte": [
        30736384,
        30736384,
        30736384,
        30736384,
        30736384
      ],
      "exit_codes": [
        0,
        0,
        0,
        0,
        0
      ]
    },
    {
      "command": "apple container (volume mount)",
      "mean": 59.150349405659995,
      "stddev": 5.2837466717934225,
      "median": 58.291930647060006,
      "user": 0.02314082,
      "system": 0.01621386,
      "min": 53.46336602206,
      "max": 67.32425506406,
      "times": [
        60.622416439060004,
        56.04977885606,
        58.291930647060006,
        53.46336602206,
        67.32425506406
      ],
      "memory_usage_byte": [
        32358400,
        32391168,
        32473088,
        32473088,
        32489472
      ],
      "exit_codes": [
        0,
        0,
        0,
        0,
        0
      ]
    },
    {
      "command": "native (host)",
      "mean": 33.27527401386,
      "stddev": 2.547117627939851,
      "median": 33.734904148060004,
      "user": 11.83400502,
      "system": 8.555297659999997,
      "min": 29.69576614706,
      "max": 35.860322355060006,
      "times": [
        35.28934268906,
        31.79603473006,
        35.860322355060006,
        29.69576614706,
        33.734904148060004
      ],
      "memory_usage_byte": [
        550682624,
        560070656,
        619888640,
        619888640,
        619888640
      ],
      "exit_codes": [
        0,
        0,
        0,
        0,
        0
      ]
    },
    {
      "command": "colima vz+virtiofs (volume mount)",
      "mean": 74.99209310546,
      "stddev": 0.6471102411677582,
      "median": 75.34164248006,
      "user": 0.011774219999999998,
      "system": 0.01186626,
      "min": 73.94896006406,
      "max": 75.51775014706,
      "times": [
        75.34164248006,
        73.94896006406,
        75.51775014706,
        74.78086127206001,
        75.37125156406
      ],
      "memory_usage_byte": [
        619888640,
        619888640,
        619888640,
        619888640,
        619888640
      ],
      "exit_codes": [
        0,
        0,
        0,
        0,
        0
      ]
    },
    {
      "command": "orbstack (volume mount)",
      "mean": 36.89026043945999,
      "stddev": 2.1316601880046706,
      "median": 36.86606398106,
      "user": 0.012002419999999998,
      "system": 0.011878260000000002,
      "min": 34.46271823106,
      "max": 39.615366398060004,
      "times": [
        35.20135473106,
        39.615366398060004,
        34.46271823106,
        38.30579885606,
        36.86606398106
      ],
      "memory_usage_byte": [
        619888640,
        619888640,
        619888640,
        619888640,
        619888640
      ],
      "exit_codes": [
        0,
        0,
        0,
        0,
        0
      ]
    }
  ]
}
