{
  "results": [
    {
      "command": "native (host)",
      "mean": 30.635377024946663,
      "stddev": 2.265407679806785,
      "median": 30.36226369128,
      "user": 11.914112619999997,
      "system": 8.067403433333332,
      "min": 28.51890710828,
      "max": 33.024960275279994,
      "times": [
        30.36226369128,
        33.024960275279994,
        28.51890710828
      ],
      "memory_usage_byte": [
        579223552,
        617267200,
        617267200
      ],
      "exit_codes": [
        0,
        0,
        0
      ]
    },
    {
      "command": "apple container (volume mount)",
      "mean": 50.72815280294666,
      "stddev": 0.2736090892848547,
      "median": 50.73356094227999,
      "user": 0.021755286666666665,
      "system": 0.010952099999999998,
      "min": 50.451879733279995,
      "max": 50.99901773328,
      "times": [
        50.451879733279995,
        50.99901773328,
        50.73356094227999
      ],
      "memory_usage_byte": [
        617267200,
        617267200,
        617267200
      ],
      "exit_codes": [
        0,
        0,
        0
      ]
    },
    {
      "command": "colima vz+virtiofs (volume mount)",
      "mean": 68.94567491361333,
      "stddev": 3.539637394511928,
      "median": 70.34934898328001,
      "user": 0.009692286666666666,
      "system": 0.008724766666666666,
      "min": 64.91948723328001,
      "max": 71.56818852428,
      "times": [
        64.91948723328001,
        71.56818852428,
        70.34934898328001
      ],
      "memory_usage_byte": [
        617267200,
        617267200,
        617267200
      ],
      "exit_codes": [
        0,
        0,
        0
      ]
    },
    {
      "command": "orbstack (volume mount)",
      "mean": 30.926257024946665,
      "stddev": 0.7045836259941457,
      "median": 30.56230519128,
      "user": 0.010047953333333333,
      "system": 0.009522433333333332,
      "min": 30.47808027528,
      "max": 31.73838560828,
      "times": [
        31.73838560828,
        30.56230519128,
        30.47808027528
      ],
      "memory_usage_byte": [
        617267200,
        617267200,
        617267200
      ],
      "exit_codes": [
        0,
        0,
        0
      ]
    }
  ]
}
