{
  "results": [
    {
      "command": "apple container (volume mount)",
      "mean": 62.84302701854001,
      "stddev": 7.504383079129857,
      "median": 63.19655240974,
      "user": 0.022723400000000005,
      "system": 0.01043062,
      "min": 52.91283578574,
      "max": 71.78539507674,
      "times": [
        71.78539507674,
        63.19655240974,
        67.97485503474,
        58.345496785739996,
        52.91283578574
      ],
      "memory_usage_byte": [
        32473088,
        32473088,
        32473088,
        32473088,
        32473088
      ],
      "exit_codes": [
        0,
        0,
        0,
        0,
        0
      ]
    },
    {
      "command": "native (host)",
      "mean": 37.69201031854,
      "stddev": 5.094574263270145,
      "median": 38.45035966074,
      "user": 11.963983799999998,
      "system": 8.80603202,
      "min": 31.14417136774,
      "max": 42.71803466074,
      "times": [
        31.14417136774,
        42.71803466074,
        42.24609832674,
        33.90138757674,
        38.45035966074
      ],
      "memory_usage_byte": [
        555122688,
        555122688,
        561872896,
        607846400,
        607846400
      ],
      "exit_codes": [
        0,
        0,
        0,
        0,
        0
      ]
    },
    {
      "command": "colima vz+virtiofs (volume mount)",
      "mean": 89.01390519354,
      "stddev": 12.938596727103961,
      "median": 87.23678428574,
      "user": 0.010377800000000001,
      "system": 0.01043982,
      "min": 77.45536090974,
      "max": 109.06497536874,
      "times": [
        77.45536090974,
        109.06497536874,
        93.01409945174,
        87.23678428574,
        78.29830595174
      ],
      "memory_usage_byte": [
        607846400,
        607846400,
        607846400,
        607846400,
        607846400
      ],
      "exit_codes": [
        0,
        0,
        0,
        0,
        0
      ]
    },
    {
      "command": "orbstack (volume mount)",
      "mean": 37.814746776739995,
      "stddev": 2.3435886130776162,
      "median": 38.56016378474,
      "user": 0.0104606,
      "system": 0.00858682,
      "min": 34.05356970174,
      "max": 39.66669995174,
      "times": [
        38.56016378474,
        37.139554951739996,
        39.66669995174,
        39.65374549374,
        34.05356970174
      ],
      "memory_usage_byte": [
        607846400,
        607846400,
        607846400,
        607846400,
        607846400
      ],
      "exit_codes": [
        0,
        0,
        0,
        0,
        0
      ]
    }
  ]
}
